{
  "Products Page" : {
    "transaction" : "Products Page",
    "sampleCount" : 594,
    "errorCount" : 0,
    "errorPct" : 0.0,
    "meanResTime" : 3035.622895622896,
    "medianResTime" : 2270.0,
    "minResTime" : 305.0,
    "maxResTime" : 16208.0,
    "pct1ResTime" : 6339.0,
    "pct2ResTime" : 7946.75,
    "pct3ResTime" : 11435.099999999988,
    "throughput" : 3.290530584207669,
    "receivedKBytesPerSec" : 2144.008048626037,
    "sentKBytesPerSec" : 0.46594427217784373
  },
  "Total" : {
    "transaction" : "Total",
    "sampleCount" : 1196,
    "errorCount" : 0,
    "errorPct" : 0.0,
    "meanResTime" : 2339.2759197324417,
    "medianResTime" : 1652.5,
    "minResTime" : 71.0,
    "maxResTime" : 16208.0,
    "pct1ResTime" : 5259.499999999997,
    "pct2ResTime" : 7136.9999999999945,
    "pct3ResTime" : 10351.999999999993,
    "throughput" : 6.450638591646531,
    "receivedKBytesPerSec" : 2092.8428736809497,
    "sentKBytesPerSec" : 0.8309798525414223
  },
  "Login Page" : {
    "transaction" : "Login Page",
    "sampleCount" : 602,
    "errorCount" : 0,
    "errorPct" : 0.0,
    "meanResTime" : 1652.1827242524905,
    "medianResTime" : 984.0,
    "minResTime" : 71.0,
    "maxResTime" : 14023.0,
    "pct1ResTime" : 3563.400000000001,
    "pct2ResTime" : 5562.400000000001,
    "pct3ResTime" : 9001.420000000018,
    "throughput" : 3.253350626891483,
    "receivedKBytesPerSec" : 5.392167107449741,
    "sentKBytesPerSec" : 0.37807492636727197
  }
}