{
  "Total" : {
    "transaction" : "Total",
    "sampleCount" : 11437,
    "errorCount" : 0,
    "errorPct" : 0.0,
    "meanResTime" : 10.724315817084953,
    "medianResTime" : 9.0,
    "minResTime" : 4.0,
    "maxResTime" : 232.0,
    "pct1ResTime" : 16.0,
    "pct2ResTime" : 21.0,
    "pct3ResTime" : 45.0,
    "throughput" : 63.554071250354255,
    "receivedKBytesPerSec" : 105.8790422416883,
    "sentKBytesPerSec" : 7.385678201945465
  },
  "Login Page" : {
    "transaction" : "Login Page",
    "sampleCount" : 11437,
    "errorCount" : 0,
    "errorPct" : 0.0,
    "meanResTime" : 10.724315817084953,
    "medianResTime" : 9.0,
    "minResTime" : 4.0,
    "maxResTime" : 232.0,
    "pct1ResTime" : 16.0,
    "pct2ResTime" : 21.0,
    "pct3ResTime" : 45.0,
    "throughput" : 63.554071250354255,
    "receivedKBytesPerSec" : 105.8790422416883,
    "sentKBytesPerSec" : 7.385678201945465
  }
}